{
  "S1_vanilla__A1_LambOseen": {
    "mean": 0.4528321325778961,
    "std": 0.365448534488678,
    "errors": [
      0.17574380338191986,
      0.2135595679283142,
      0.9691929817199707
    ]
  },
  "S2_fourier__A1_LambOseen": {
    "mean": 4.869226932525635,
    "std": 0.5591545701026917,
    "errors": [
      5.64428186416626,
      4.345876216888428,
      4.617522239685059
    ]
  },
  "S3_causal__A1_LambOseen": {
    "mean": 0.20169194042682648,
    "std": 0.03538850322365761,
    "errors": [
      0.1577797830104828,
      0.2028559446334839,
      0.24444010853767395
    ]
  },
  "S1_vanilla__A2_Stokes": {
    "mean": 0.02772539108991623,
    "std": 0.0020214172545820475,
    "errors": [
      0.029996639117598534,
      0.028093181550502777,
      0.02508634887635708
    ]
  },
  "S2_fourier__A2_Stokes": {
    "mean": 0.7374715805053711,
    "std": 0.07060987502336502,
    "errors": [
      0.8231339454650879,
      0.6501982808113098,
      0.7390825152397156
    ]
  },
  "S3_causal__A2_Stokes": {
    "mean": 0.032225385308265686,
    "std": 0.002230151789262891,
    "errors": [
      0.034347787499427795,
      0.033184558153152466,
      0.0291438065469265
    ]
  },
  "S1_vanilla__A3_Burgers": {
    "mean": 0.24548475444316864,
    "std": 0.005459847394376993,
    "errors": [
      0.2528572082519531,
      0.24378594756126404,
      0.23981106281280518
    ]
  },
  "S2_fourier__A3_Burgers": {
    "mean": 0.09039018303155899,
    "std": 0.039358772337436676,
    "errors": [
      0.06500174850225449,
      0.14598242938518524,
      0.06018639728426933
    ]
  },
  "S3_causal__A3_Burgers": {
    "mean": 0.24548475444316864,
    "std": 0.005459847394376993,
    "errors": [
      0.2528572082519531,
      0.24378594756126404,
      0.23981106281280518
    ]
  },
  "S1_vanilla__A4_Kovasznay": {
    "mean": 2.0735180377960205,
    "std": 0.08698181807994843,
    "errors": [
      1.9557656049728394,
      2.1632087230682373,
      2.1015796661376953
    ]
  },
  "S2_fourier__A4_Kovasznay": {
    "mean": 0.41380444169044495,
    "std": 0.03689729794859886,
    "errors": [
      0.3857095539569855,
      0.4659323990345001,
      0.389771431684494
    ]
  },
  "S3_causal__A4_Kovasznay": {
    "mean": 1.9418376684188843,
    "std": 0.07584243267774582,
    "errors": [
      1.8377162218093872,
      1.9716016054153442,
      2.016195297241211
    ]
  }
}