{
  "S1_vanilla__omega_1.0": {
    "mean": 0.02772539108991623,
    "std": 0.0020214172545820475,
    "errors": [
      0.029996639117598534,
      0.028093181550502777,
      0.02508634887635708
    ],
    "omega_mult": 1.0
  },
  "S2_fourier__omega_1.0": {
    "mean": 0.7374715805053711,
    "std": 0.07060987502336502,
    "errors": [
      0.8231339454650879,
      0.6501982808113098,
      0.7390825152397156
    ],
    "omega_mult": 1.0
  },
  "S3_causal__omega_1.0": {
    "mean": 0.032225385308265686,
    "std": 0.002230151789262891,
    "errors": [
      0.034347787499427795,
      0.033184558153152466,
      0.0291438065469265
    ],
    "omega_mult": 1.0
  },
  "S1_vanilla__omega_2.0": {
    "mean": 0.0244514849036932,
    "std": 0.002981046214699745,
    "errors": [
      0.02121306210756302,
      0.02373308688402176,
      0.02840830571949482
    ],
    "omega_mult": 2.0
  },
  "S2_fourier__omega_2.0": {
    "mean": 0.5852743983268738,
    "std": 0.0120127247646451,
    "errors": [
      0.5950162410736084,
      0.5683501958847046,
      0.5924566388130188
    ],
    "omega_mult": 2.0
  },
  "S3_causal__omega_2.0": {
    "mean": 0.02824612706899643,
    "std": 0.0034536111634224653,
    "errors": [
      0.0239113736897707,
      0.028464511036872864,
      0.032362498342990875
    ],
    "omega_mult": 2.0
  },
  "S1_vanilla__omega_4.0": {
    "mean": 0.05164007470011711,
    "std": 0.01634027063846588,
    "errors": [
      0.07178357243537903,
      0.031760863959789276,
      0.051375776529312134
    ],
    "omega_mult": 4.0
  },
  "S2_fourier__omega_4.0": {
    "mean": 0.3229743540287018,
    "std": 0.03956073150038719,
    "errors": [
      0.37869992852211,
      0.2994212508201599,
      0.29080191254615784
    ],
    "omega_mult": 4.0
  },
  "S3_causal__omega_4.0": {
    "mean": 0.09482190757989883,
    "std": 0.04285765066742897,
    "errors": [
      0.15539368987083435,
      0.06267532706260681,
      0.06639672815799713
    ],
    "omega_mult": 4.0
  },
  "S1_vanilla__omega_8.0": {
    "mean": 0.7106633186340332,
    "std": 0.3953991234302521,
    "errors": [
      0.9902840256690979,
      0.9902213215827942,
      0.15148448944091797
    ],
    "omega_mult": 8.0
  },
  "S2_fourier__omega_8.0": {
    "mean": 0.13188214600086212,
    "std": 0.011049825698137283,
    "errors": [
      0.1471436470746994,
      0.12134228646755219,
      0.12716050446033478
    ],
    "omega_mult": 8.0
  },
  "S3_causal__omega_8.0": {
    "mean": 0.974391758441925,
    "std": 0.023886611685156822,
    "errors": [
      0.9899709224700928,
      0.9925602674484253,
      0.9406440854072571
    ],
    "omega_mult": 8.0
  }
}