{
  "S1_vanilla": {
    "1": {
      "mean": 0.3280504500013853,
      "std": 0.0916236038023133
    },
    "2": {
      "mean": 0.2843645586644236,
      "std": 0.18977260696630852
    },
    "5": {
      "mean": 0.2075460865004919,
      "std": 0.1211846435524267
    },
    "10": {
      "mean": 0.24009094612144866,
      "std": 0.15605555533375334
    },
    "20": {
      "mean": 0.6375814501801064,
      "std": 0.6374273980329876
    },
    "30": {
      "mean": 0.9568695962937178,
      "std": 1.2180045678132305
    },
    "40": {
      "mean": 1.4197562813607345,
      "std": 1.7054411207468434
    },
    "50": {
      "mean": 1.9792584651209169,
      "std": 2.12251810865167
    }
  },
  "S2_fourier": {
    "1": {
      "mean": 1.2354911912831248,
      "std": 0.09505783152969781
    },
    "2": {
      "mean": 1.6371832310353789,
      "std": 0.3451780441687801
    },
    "5": {
      "mean": 2.8346196845642866,
      "std": 0.07560879526824854
    },
    "10": {
      "mean": 5.304560799308345,
      "std": 0.07216378764687872
    },
    "20": {
      "mean": 9.064552637574108,
      "std": 0.05856650716596172
    },
    "30": {
      "mean": 13.78186532411911,
      "std": 1.71122513457184
    },
    "40": {
      "mean": 19.61719360737065,
      "std": 1.1016375882901053
    },
    "50": {
      "mean": 23.455594110073264,
      "std": 2.992095346897692
    }
  },
  "S3_causal": {
    "1": {
      "mean": 0.3102379113428329,
      "std": 0.06075555536959088
    },
    "2": {
      "mean": 0.11655620567245757,
      "std": 0.016251668409445193
    },
    "5": {
      "mean": 0.18357862740350128,
      "std": 0.013786735350119544
    },
    "10": {
      "mean": 0.15020768442297508,
      "std": 0.07749736208332578
    },
    "20": {
      "mean": 0.1777279798419714,
      "std": 0.033179585237364695
    },
    "30": {
      "mean": 0.09361758255982232,
      "std": 0.0249532137531898
    },
    "40": {
      "mean": 0.11977806920443294,
      "std": 0.05020907305719406
    },
    "50": {
      "mean": 0.3522818359610345,
      "std": 0.07541681313471188
    }
  }
}