{
  "1": {
    "error": 0.3280504500013853,
    "tau": 0.0,
    "trust_score": 0.0,
    "t_max": 100.0
  },
  "2": {
    "error": 0.2843645586644236,
    "tau": 0.0,
    "trust_score": 0.0,
    "t_max": 200.0
  },
  "5": {
    "error": 0.2075460865004919,
    "tau": 0.0,
    "trust_score": 0.0,
    "t_max": 500.0
  },
  "10": {
    "error": 0.24009094612144866,
    "tau": 0.0,
    "trust_score": 0.0,
    "t_max": 1000.0
  },
  "20": {
    "error": 0.6375814501801064,
    "tau": 0.0,
    "trust_score": 0.0,
    "t_max": 2000.0
  },
  "30": {
    "error": 0.9568695962937178,
    "tau": 0.0,
    "trust_score": 0.0,
    "t_max": 3000.0
  },
  "40": {
    "error": 1.4197562813607345,
    "tau": 0.0,
    "trust_score": 0.0,
    "t_max": 4000.0
  },
  "50": {
    "error": 1.9792584651209169,
    "tau": 0.0,
    "trust_score": 0.0,
    "t_max": 5000.0
  }
}